Run,Model,Fold,Accuracy,Precision,Recall,F1 Score
3,ESCORT,1,0.5014285714285714,0.5,0.5100286532951289,0.5049645390070922
3,ESCORT,2,0.5885714285714285,0.591044776119403,0.5673352435530086,0.5789473684210527
3,ESCORT,3,0.5128571428571429,0.5106382978723404,0.5501432664756447,0.5296551724137931
3,ESCORT,4,0.4928571428571429,0.4909090909090909,0.46418338108882523,0.47717231222385864
3,ESCORT,5,0.5514285714285714,0.5495750708215298,0.5558739255014327,0.5527065527065527
3,ESCORT,6,0.6242857142857143,0.6264705882352941,0.6103151862464183,0.6182873730043541
3,ESCORT,7,0.6271428571428571,0.6242937853107344,0.6332378223495702,0.6287339971550497
3,ESCORT,8,0.5242857142857142,0.5240963855421686,0.498567335243553,0.5110132158590308
3,ESCORT,9,0.5828571428571429,0.5910543130990416,0.5300859598853869,0.5589123867069486
3,ESCORT,10,0.5642857142857143,0.5625,0.5673352435530086,0.5649072753209701