Run,Model,Fold,Accuracy,Precision,Recall,F1 Score
2,ESCORT,1,0.5028571428571429,0.5014409221902018,0.498567335243553,0.5
2,ESCORT,2,0.5285714285714286,0.5269121813031161,0.5329512893982808,0.5299145299145299
2,ESCORT,3,0.6171428571428571,0.6194690265486725,0.6017191977077364,0.6104651162790697
2,ESCORT,4,0.6514285714285715,0.6446280991735537,0.670487106017192,0.6573033707865169
2,ESCORT,5,0.6157142857142858,0.6149425287356322,0.6131805157593123,0.6140602582496413
2,ESCORT,6,0.5128571428571429,0.5111731843575419,0.5243553008595988,0.5176803394625177
2,ESCORT,7,0.5257142857142857,0.523943661971831,0.5329512893982808,0.5284090909090909
2,ESCORT,8,0.59,0.5895953757225434,0.5845272206303725,0.5870503597122302
2,ESCORT,9,0.6485714285714286,0.6426592797783933,0.664756446991404,0.6535211267605634
2,ESCORT,10,0.5785714285714286,0.5780346820809249,0.5730659025787965,0.5755395683453237
