Data Split,Training Time (s),Inference Time (s)
0.3333333333333333,13.97022294998169,0.44585347175598145
0.6666666666666666,27.710073232650757,0.8221530914306641
1.0,43.31759810447693,1.2603914737701416
