Data Split,Accuracy,Precision,Recall,F1 Score
0.3333333333333333,0.8051391862955032,0.8526315789473684,0.72,0.7807228915662651
0.6666666666666666,0.8404710920770878,0.8574610244988864,0.8191489361702128,0.8378672470076169
1.0,0.87,0.8980891719745223,0.8269794721407625,0.8610687022900764
