Data Split,Training Time (s),Inference Time (s)
0.3333333333333333,0.2860066890716553,0.006703853607177734
0.6666666666666666,0.49547839164733887,0.010544538497924805
1,0.7269392013549805,0.014647245407104492
