Data Split,Accuracy,Precision,Recall,F1 Score
0.3333333333333333,0.9263698630136986,0.9375,0.9152542372881356,0.9262435677530018
0.6666666666666666,0.9263067694944301,0.9388489208633094,0.9094076655052264,0.9238938053097345
1,0.9285714285714286,0.9269461077844311,0.9236276849642004,0.9252839210998207
