Data Split,Accuracy,Precision,Recall,F1 Score
0.3333333333333333,0.8501070663811563,0.8326180257510729,0.8622222222222222,0.8471615720524017
0.6666666666666666,0.8811563169164882,0.9164733178654292,0.8404255319148937,0.876803551609323
1,0.9021428571428571,0.8989751098096632,0.9002932551319648,0.8996336996336997
