Data Split,Training Time (s),Inference Time (s)
0.3333333333333333,165.60488271713257,3.2184760570526123
0.6666666666666666,328.4147574901581,6.304731130599976
1,481.8854122161865,8.750232934951782
