Run,Model,Fold,Accuracy,Precision,Recall,F1 Score
1,ESCORT,1,0.5071428571428571,0.5057471264367817,0.504297994269341,0.5050215208034433
1,ESCORT,2,0.45571428571428574,0.4550561797752809,0.46418338108882523,0.4595744680851064
1,ESCORT,3,0.6142857142857143,0.6094182825484764,0.6303724928366762,0.6197183098591549
1,ESCORT,4,0.5557142857142857,0.5565476190476191,0.5358166189111748,0.545985401459854
1,ESCORT,5,0.5928571428571429,0.587431693989071,0.6160458452722063,0.6013986013986014
1,ESCORT,6,0.5185714285714286,0.5163934426229508,0.5415472779369628,0.5286713286713287
1,ESCORT,7,0.5028571428571429,0.5014005602240896,0.5128939828080229,0.5070821529745042
1,ESCORT,8,0.6142857142857143,0.6125356125356125,0.6160458452722063,0.6142857142857143
1,ESCORT,9,0.49142857142857144,0.4896755162241888,0.47564469914040114,0.48255813953488375
1,ESCORT,10,0.5785714285714286,0.575,0.5931232091690545,0.5839210155148096
