Test Split,Month,Accuracy,Benign Precision,Benign Recall,Benign F1,Phishing Precision,Phishing Recall,Phishing F1
test_set_1,2024-01,0.8516624040920716,0.8480392156862745,0.865,0.8564356435643564,0.8556149732620321,0.837696335078534,0.8465608465608465
test_set_2,2024-02,0.8382526564344747,0.8423529411764706,0.8364485981308412,0.839390386869871,0.8341232227488151,0.8400954653937948,0.8370986920332937
test_set_3,2024-03,0.8234723569350145,0.8326771653543307,0.8134615384615385,0.8229571984435797,0.8145315487571702,0.8336594911937377,0.8239845261121856
test_set_4,2024-04,0.7848101265822784,0.8128834355828221,0.742296918767507,0.7759882869692533,0.7610389610389611,0.827683615819209,0.7929634641407307
test_set_5,2024-05,0.7412199630314233,0.776,0.697841726618705,0.7348484848484849,0.711340206185567,0.7870722433460076,0.7472924187725631
test_set_6,2024-06,0.7602131438721137,0.8268398268398268,0.6678321678321678,0.7388781431334622,0.713855421686747,0.855595667870036,0.7783251231527094
test_set_7,2024-07,0.7956204379562044,0.7971698113207547,0.8047619047619048,0.8009478672985783,0.7939698492462312,0.7860696517412935,0.79
test_set_8,2024-08,0.7494407158836689,0.79,0.6929824561403509,0.7383177570093458,0.7165991902834008,0.8082191780821918,0.759656652360515
test_set_9,2024-09,0.7515151515151515,0.7792207792207793,0.7142857142857143,0.7453416149068323,0.7272727272727273,0.7901234567901234,0.757396449704142
