Test Split,Month,Accuracy,Benign Precision,Benign Recall,Benign F1,Phishing Precision,Phishing Recall,Phishing F1
test_set_1,2024-01,0.9358974358974359,0.9393939393939394,0.9346733668341709,0.9370277078085643,0.9322916666666666,0.93717277486911,0.9347258485639687
test_set_2,2024-02,0.9278959810874704,0.9399038461538461,0.9156908665105387,0.9276393831553974,0.9162790697674419,0.9403341288782816,0.928150765606596
test_set_3,2024-03,0.9233009708737864,0.9545454545454546,0.8901734104046243,0.9212362911266201,0.8956043956043956,0.9569471624266145,0.9252601702932829
test_set_4,2024-04,0.8859154929577465,0.9449838187702265,0.8202247191011236,0.8781954887218045,0.8403990024937655,0.9519774011299436,0.8927152317880794
test_set_5,2024-05,0.8518518518518519,0.8955823293172691,0.8050541516245487,0.8479087452471483,0.8144329896907216,0.9011406844106464,0.855595667870036
test_set_6,2024-06,0.8487544483985765,0.9032258064516129,0.7859649122807018,0.8405253283302064,0.8057324840764332,0.9133574007220217,0.856175972927242
test_set_7,2024-07,0.8853658536585366,0.8894230769230769,0.8851674641148325,0.8872901678657075,0.8811881188118812,0.8855721393034826,0.8833746898263027
test_set_8,2024-08,0.8834080717488789,0.8995433789954338,0.8678414096916299,0.8834080717488789,0.8678414096916299,0.8995433789954338,0.8834080717488789
test_set_9,2024-09,0.8780487804878049,0.8987341772151899,0.8554216867469879,0.8765432098765432,0.8588235294117647,0.9012345679012346,0.8795180722891566
