Test Split,Month,Accuracy,Benign Precision,Benign Recall,Benign F1,Phishing Precision,Phishing Recall,Phishing F1
test_set_1,2024-01,0.8976982097186701,0.9081632653061223,0.89,0.898989898989899,0.8871794871794871,0.9057591623036648,0.8963730569948186
test_set_2,2024-02,0.8913813459268005,0.903846153846154,0.8785046728971962,0.8909952606635071,0.8793503480278422,0.9045346062052506,0.8917647058823529
test_set_3,2024-03,0.8768186226964112,0.8860510805500982,0.8673076923076923,0.8765792031098154,0.867816091954023,0.8864970645792564,0.8770571151984511
test_set_4,2024-04,0.8241912798874824,0.8493975903614458,0.7899159663865546,0.818577648766328,0.8021108179419525,0.8587570621468926,0.8294679399727148
test_set_5,2024-05,0.8059149722735675,0.8619246861924686,0.7410071942446043,0.7969052224371374,0.7615894039735099,0.8745247148288974,0.8141592920353983
test_set_6,2024-06,0.8134991119005328,0.8724279835390947,0.7412587412587412,0.8015122873345936,0.76875,0.8880866425992779,0.8241206030150754
test_set_7,2024-07,0.8175182481751825,0.8292682926829268,0.8095238095238095,0.8192771084337349,0.8058252427184466,0.8258706467661692,0.8157248157248157
test_set_8,2024-08,0.843400447427293,0.8910891089108911,0.7894736842105263,0.8372093023255814,0.8040816326530612,0.8995433789954338,0.8491379310344828
test_set_9,2024-09,0.7575757575757576,0.775,0.7380952380952381,0.7560975609756098,0.7411764705882353,0.7777777777777778,0.7590361445783133
